Image,Id
00087b01.jpg,w_da2efe0
0031c258.jpg,new_whale
0042ea34.jpg,w_968f2ca
007c3603.jpg,new_whale
00863b8c.jpg,new_whale
008baccf.jpg,w_ab6db0f
00ab018e.jpg,w_51969d2
00acb5a9.jpg,w_c0cfd5b
00be7f73.jpg,w_6926f08
00d3d48c.jpg,w_222dcb7
00ded600.jpg,new_whale
00ec0dcd.jpg,w_a2eb1bb
00f22419.jpg,w_2ac8b4d
0101d22b.jpg,w_af67683
011904f8.jpg,w_96b697f
01679a6d.jpg,w_b4369cc
018722ca.jpg,w_a837660
01aaa81a.jpg,w_8c1ec28
01b83639.jpg,w_7ef90f7
01be6c48.jpg,w_f18df18
01c11eaf.jpg,w_0a71e87
01cf2e2e.jpg,new_whale
01dd608b.jpg,w_12c3d3d
01e25788.jpg,w_e74980b
01e490cf.jpg,w_4b1fad6
01ed89f6.jpg,w_67de30b
